저자,저자_en
A. S. 바위치,
J.D. 샐린저,
J.M. 바스콘셀로스,
J.M.G 르 클레지오,
J.S. 먼로,
"Pierce J. Howard,Jane Mitchell Howard",
가브리엘 가르시아 마르케스,
가스 닉스,Garth Nix
가와무라 겐키,
가와바타 야스나리,Yasunari Kawabata
가와카미 미에코,
가즈오 이시구로,
강미강,
강세형,
강신주,
강용수,
강화길,
게리 채프먼,
게일 허니먼,
고명환,Ko Myung-hwan
고선경,
고선규,
공백,
공자,
"공지영, 츠지 히토나리",
"구구, 서해인",
구로야나기 테츠코,
구병모,
권라빈,
권석,
궤도,
귀스타브 플로베르,
그레고리 머과이어,
글배우,
기 드 모파상,
"기시미 이치로, 고가 후미타케",
기욤 뮈소,
기형도,
김개미,
김겨울,
김금희,
김다슬,
김도훈,
김동식,
김려령,
김명순,
김민성,
김보영,
김상욱,
김상현,
김세희,
김소연,
김소영,
김솔,
김수현,Kim Su-hyun
김승섭,
김승옥,
김승일,
김신지,
김신회,
김애란,
김영하,Kim Young-ha
김우재,
김은비,
김은우,
김이나,
김정선,
김정호,
김주혜,
김주환,
김중혁,
김지수,
김진영,
김청귤,
김초엽,
김초엽 등,
"김하나, 황선우",
김형경,
"김혜남, 박종석",
김혜자,
김혜준,
김혜진,
김호연,Kim Ho-yeon
김혼비,
김홍,
김훈,
나선미,
나쓰메 소세키,Natsume Soseki
"나카에 요시오, 우리노 노리코",
나태주,
나티코 린데블라드,
남궁인,
남성현,
네이선 파일,
노구치 마사코,
노석미,
니콜라스 카,
니콜로 마키아벨리,
닉 혼비,
닐 셔스터먼,
다비드 르 브르통,
다자이 오사무,Osamu Dazai
다카노 가즈아키,
단테 알리기에리,
데이비드 마추켈리,
데일 카네기,Dale Carnegie
도나 타트,
도날드 월쉬,
도리스 메르틴,
도미니크 로로,
도스토옙스키,
돌리 앨더튼,
라이오넬 슈라이버,
랄프 왈도 에머슨,
랠프 왈도 에머슨,
레오 버스카글리아,
레오폴트 폰 자허마조흐,
레이 브레드버리,
레이첼 카슨,
레프 톨스토이,
로렌스 R. 스펜서,
로렐 켄달,
로맹 가리,Romain Gary
로버트 맥키,
롤랑 바르트,
루시 모드 몽고메리,
루이스 캐럴,Lewis Carroll
루이스 캐롤,Lewis Carroll
룰루 밀러,
류승완,
류시화,
류츠신,
리베카 솔닛,
리처드 도킨스,
리처드 탈러,
릭 루빈,
릭 워렌,
마거릿 애트우드,
마벨 카츠,
마스다 무네아시,
마스다 미리,
마이클 샌델,Michael Sandel
마이클 케인,
마크 맨슨,
마크 트웨인,
말콤 글래드웰,
멈짜오 아깟담끙 라피팟,
메듀 코델,
메리 섈리,
명지현,
모리스 샌닥,
모리시타 수,
몽테뉴,
무라카미 하루키,Haruki Murakami
무레 요코,
문미순,
문소리,
문유석,
문지혁,
미나토 가나에,
미셸 자우너,
미야모토 테루,
미야베 미유키,
미야비 미유키,
미치 앨본,
미치 엘봄,
민지형,
밀란 쿤데라,
박경리,
박노해,
박민규,
박상현,
박서련,
박소영,
박솔뫼,
박연준,
박영옥,
박완서,
박웅현,
박일영,
박준,
박찬욱,
배철현,
백민석,
백사혜,
백상경제연구원,
백영옥,
백우진,
버지니아 울프,
범유진,
법륜,
법정,
베르나르 베르베르,
베르나르베르베르,
보니 가머스,
보선,
보후밀 흐라발,
브레네 브라운,
블라디미르 마야콥스키 등,
비스와바 쉼보르스카,
비엣 타인 응우옌,
비카스 샤,
빅터 프랭클,
빈센트 반 고흐,
사노 요코,
사민 노스랏,
사야크 발렌시아,
사진의 용도,
산도르 마라이,
생일 그리고 축복,
생텍쥐페리,
샬롯 브론테,
서귤,
서늘한여름밤,
서덕준,Seo Deok-jun
서동식,
서동욱,
서맨사 하비,
서머셋 몸,
서머싯 몸,
선호빈,
설레다,
성해나,
세인트존 멘델,
셸 실버스타인,
소노 아야코,
소다 마사히토,
소윤,
손원평,Sohn Won-pyung
수 클리볼드,
수산나 타마로,
수전 케인,
스즈키 유이,
스테퍼니 스탈,
스티브 도나휴,
스티브 젠킨스 등,
스티븐 스타링 그랜트,
시도니 가브리엘 콜레트,
신경숙,
신도현,
신영균,
신해욱,
신형철,
심너울,
심보선,
심채경,
아니 에르노,
아들린 디외도네,
아라키 조,
아멜리 노통브,
아서 코난 도일,Arthur Conan Doyle
"아일사 와일드, 제레미 바",
아쿠타가와 류노스케,
아쿠타카와 류노스케,
아틀리에 드 에디토,
안규철,
안담,
안도현,
안드레아스 그루버,
안드레이 타르콥스키,
안리타,
알랭 드 보통,
알랭 바디우,
알랭드 모통,
알베르 카뮈,Albert Camus
알퐁스 도테,
앙꼬,
앙투안 드 생텍쥐페리,
애거서 크리스티,
애쿠니 가오리,
앤드루 포터,
앤디 앤드루스,
야마모리 미카,
야자와 아이,
양귀자,
양승권,
양안다,
양태석,
양희은,
어니스트 헤밍웨이,
에도가와 란포,
에드거 앨런 포,
에디 러들로,
에리히 프롬,
에밀 아자르,Émile Ajar
에밀리 디킨슨,
에이모 토울스,
"엔니오 모리코네, 주세페 토르나토레",
엘리자베스 문,
"연상호, 최규석",
오 헨리,
오드 메르미오,
오스카 와일드,
오은,
오카다 도시키,
오쿠노 슈지,
오쿠다 히데오,
올더스 헉슬리,
요시다 슈이치,
요시모토 바나나,
요시타케 신스케,
요한 하리,
우라사와 나오키,
우유니게 등,
우지현,
월터 아이작슨,
위기철,
위화,
윌리엄 셰익스피어,William Shakespeare
유발 하라리,
유시민,
유즈키 아사코,
유필하,
유현준,
육성철,
윤덕노,
윤동주,
윤이형,
윤지윤,
윤태웅,
윤해서,
윤혜성,
윤홍균,
은모든,
은유,
은희경,
이경미,
이기주,
이다혜,
이도우,
이동원,
이디스 워튼,
이디스 해밀턴,
이마무라 쇼헤이,
이민경,
이민진,Min Jin Lee
이반 투르게네프,
이병률,
이석원,
이성진,
이솔,
이슬아,
이오덕,
이인석,
이재열,
이적,
이지수,
이해인,
이형석,
이희인,
인생 녹음 중,
일자 샌드,
임경선,
임솔아,
임수희,
임이랑,
임홍택,
장 지글러,
장 클로드 볼로뉴,
장강명,
"장동선, 줄리아 크리스텐슨",
장영희,
장은진,
장자샹,
장자크 상페,
잭 런던,
전승환,
전홍진,
젊은 시인에게 보내는 편지,
정대건,
정문정,
정민,
정보라,
정세랑,Chung Serang
정솔,
정약용,
정용준,
정유미,
정유정,Jeong You-jeong
정이안,
정재승,
정재찬,
정채봉,
정한아,
정혁용,
정현종,
정현주,
정혜신,
정혜윤,
정호승,
정희진,
제러미 월드론,
제레미 러프킨,
제롬 데이비드 샐린저,J.D. Salinger
제이 셰티,
제인 오스틴,Jane Austen
제프 다이어,
조 캘러헌,
조남주,Cho Nam-joo
조남주 등,
조너선 스위프트,
조말선,
조선희,
조성환,
조소담,
조예은,
조완욱,
조용훈,
조원재,
조조 모예스,
조중걸,
조지 오웰,George Orwell
조현아,
존 버거,
존 쿳시,
줄리아 캐머런,
지그몬트 모리츠,
지하련,
쯔진천,
찰스 두히그,
찰스 디킨스,
찰스 번즈,
채사장,
천명관,
천선란,
"최덕희, 강경효",
최승자,
최은영,
최은창,
최인철,
최재천,
최지영,
최진영,Choi Jin-young
추공,
카롤린 봉그랑,
카밀라 팡,
카시오페아,
"카이 버드, 마틴 셔윈",
칼 세이건,Carl Sagan
캐서린 맨스필드,
케이트 디카밀로,
케이트 쇼팽,
코맥 맥카시,
코이케 류노스케,
태수,
테드 휴즈,
토니 포터,
토마스 로버트 멜서스,
토마스 하디,
토마스 헤리스,
토머스 하디,
토미 아데예미,
톤 텔레헨,
톤텔레헨,
팀 보울러,
파리리뷰 외,
파스칼 키냐르,
파울로 코엘료,Paulo Coelho
파트리크 쥐스킨트,
패티 스미스,
페르난두 페소아,
포리스트 카터,
폴 블룸,Paul Bloom
폴 오스터,
폴 칼라니티,
폴 크리스토퍼,
표도르 도스토예프스키,
프란스 드 드발,
프란츠 카프카,Franz Kafka
프랑수아 를로르,
프랑수아즈 사강,
프랜시스 스콧 피츠제럴드,
프랜시스 호지슨 버넷,
프랭크 허버트,
프레드 울만,
프레드릭 배크만,Fredrik Backman
프리드리히 니체,
프리드리히 막스 뮐러,
피천득,
피터 스완슨,
피터 싱어,
필립 빌랭,
하다,
하상욱,
하시모토 시노부,
하야마 아마리,
하은빈,
하재영,
하지현,
하타케야마 소,
하퍼 리,
한강,Han Kang
한나 아렌트,
한병철,
한상훈,
한스 로슬링,
한스 크리스티안 안데르센,
할레드 호세이니,
허지웅,
헤르만 헤세,Hermann Hesse
헤르메스 김,
헨리 데이비드 소로,Henry David Thoreau
헬레인 한프,
헬렌 니어링,
혜민,
홍준성,
황보름,
황석영,
황순원,
황유미,
황현,
히가시노 게이고,Keigo Higashino
히리 마리아 레마르크,
