도서명,도서명_en
1Q84,
5가지 사랑의 언어,
7인의 집행관,
82년생 김지영,"Kim Jiyoung, Born 1982"
90년생이 온다,
AI 미제사건 전담반,
B급 며느리,
"B급 문화, 대한민국을 습격하다",
EQ의 천재들,
H마트에서 울다,
가장 예쁜 생각을 너에게 주고 싶다,
감정 교육,
개밥바라기별,
거꾸로 사는 재미,
걷기 예찬,
걸리버 여행기,
검은색,
고백,
고슴도치의 소원,
고양이 눈,
고양이는 안는 것,
고양이를 버리다,
고어 자본주의,
고왕국기,
고전이 답했다,
"곰돌이 푸, 행복한 일은 매일 있어",
공감의 배신,
공중그네,
과학이 필요한 시간,
괴물들이 사는 나라,
괴테는 모든 것을 말했다,
구의 증명,Proof of Goo
구해줘,
군주론,The Prince
궤도,
그 남자네 집,
그 남자의 피아노 그 여자의 소나타,
"그까짓 사람, 그래도 사람",
그대 뒷모습,
그대 사랑하라,
그대는 나의 여름이 되세요,
그대의 차가운 손,
그들이 보지 못할 밤은 아름다워,
그래도 너를 사랑한단다,
"그래도, 사랑",
그러니 그대 사라지지 말아라,
그러라 그래,
그리고 아무도 없었다,
그리고 행복하다는 소식을 들었습니다,
그림자,
극장에는 항상 상훈이 형이 있다,
급류,
기분을 관리하면 인생이 관리된다,
기사단장 죽이기,
기어코 반짝일 너에게,
기적의 양피지,
김도훈 작곡법,
김약국의 딸들,
김이나의 작사법,
깊이에의 강요,
꽃으로 때리지 말라,
꽃을 보듯 너를 본다,
꾸뻬 씨의 행복 여행,
꾸준한 행복,
"꾸준히, 오래 지치지 않고",
끌림,
끝과 시작,
나 혼자만 레벨업,
나는 가해자의 엄마입니다,
나는 고양이로소이다,I Am a Cat
나는 나로 살기로 했다,I Decided to Live as Me
나는 매일 직장상사의 도시락을 싼다,
나는 앞으로 몇 번의 보름달을 볼 수 있을까,
나는 있는 그대로 충분하다,
나를 위해 하다,
나목,
나무,
나미야 잡화점의 기적,The Miracles of the Namiya General Store
나쁜 친구,
나에게 고맙다,
나에게 보내는 말의 선물,
나의 돈키호테를 찾아서,
나의 라임오렌지나무,
나의 미친 페미니스트 여자친구,
나의 비거니즘 만화,
나의 사적인 그림,
나의 삼촌 부르스 리,
나의 삼촌 브루스 리,
나의 상처는 돌 너의 상처는 꽃,
나의 아름다운 이웃,
나의 우주는 아직 멀다,
낙하하는 저녁,
날짜 없음,
남자들은 자꾸 나를 가르치려 든다,
낯선 행성,
내 마음을 쏟지요 쏟지요,
내 슬픈 창녀들의 추억,
내 심장을 쏴라,
내 아내에 대하여,
내 아들이 죽었습니다,
내 어린고양이와 늙은개,
내 영혼이 따뜻했던 날들,
내 주머니는 맑고 강풍,
내가 생각한 인생이 아니야,
내가 죽으면 장례식에 누가 올까,
내가 틀릴 수도 있습니다,
내게 무해한 사람,
내면소통,
냄새,
너는 다시 태어나려고 기다리고 있어,
너를 빛나게 할 일들이 기다리고 있어,
너만 그런거 아니야,
너무 시끄러운 고독,
너의 심장을 쳐라,
넛지,
노르웨이의 숲,Norwegian Wood
노인과 바다,
녹나무의 파수꾼,
논어,
뇌,
뇌는 춤추고 싶다,
눈의 황홀,
느림,
니체와 고흐,
니체와 장자는 이렇게 말했다,
다 하지 못한 말,
다독임,
다람쥐의 위로,
다른 방식으로 보기,
"다시 태어난다면, 한국에서 살겠습니까",
다자이 오사무 서한집,
다정소감,
다정한 유전,
단 한 사람,
단어의 사연,
달 너머로 달리는 말,
달과 6펜스,
달라이 라마의 행복론,
"달려라, 아비",
달리기를 말할 때 내가 하고 싶은 이야기,
달의 궁전,
달의 바다,
당신은 결국 무엇이든 해내는 사람,
당신의 별자리는 무엇인가요,
당신의 이름을 지어다가 며칠은 먹었다,
당신이 옳다,
당신이라는 보통명사,
대논쟁! 철학배틀,
대단한 돼지 에스더,
대온실 수리 보고서,
더버빌가의 테스,
데미안,Demian
데일 카네기 인간 관계론,
데지레의 아기,
도둑맞은 집중력,
도리안 그레이의 초상,
"도망치고, 찾고",
도시는 무엇으로 사는가,
독신의 수난사,
독일인의 사랑,
돈을 일하게 하라,
동급생,
동대문 네팔 타운의 희노애락,
동물농장,Animal Farm
동물의 생각에 관한 생각,
동조자,
동트기 힘든 긴 밤,
돼지치기의 가장 더러운 셔츠,
듄,
디 아더 유,
딸에 대하여,
"땡스 갓, 잇츠 프라이데이",
떨리는 게 정상이야,
뜻밖의 좋은 일,
라쇼몬,
라쇼몽,
라이너 마리아 릴케,
러버 보이,
레몬,
레슨 인 케미스트리,
렘브란트의 유령,
로드,
루이스 캐럴- 운율? 그리고 의미?/헝클어진 이야기,
류승완의 본색,
리더의 격,
마시멜로 이야기,
마음 가는 대로,
마음사전,
마음챙김의 시,
마흔에 읽는 쇼펜하우어,
막다른 골목의 추억,
말뚝들,
말의 내공,
말의 품격,
말투만 바꿨을 뿐인데,
매우 예민한 사람들을 위한 책,
매우 초록,
맥베스,
맨박스,
먼지아이,
멈추면 비로소 보이는 것들,
멋진 신세계,
메일맨,
면도날,
명배우의 연기 수업,
명배우의 연기수업,
모든 계절이 유서였다,
모든 곳에 존재하는 로마니의 황제 퀴에크,
모리와 함께한 화요일,
모방범,
모순,
모스크바의 신사,
모피를 입은 비너스,
목걸이,
목성에게 고리는,
목소리를 드릴게요,
목적이 이끄는 삶,
몬스터,
몽테뉴의 수상록,
"무당, 여성, 신령들",
무라카미 T,
무례한 사람에게 웃으며 대처하는 법,
무명기,
무소유,
무엇이 아름다움을 강요하는가,
무의미의 축제,
무인도에서 살아남기,
무진기행,
문장 수집가 : No.1 Love Myself,
문학의 숲을 거닐다,
물고기는 존재하지 않는다,
뭐라도 되겠지,
미 비포 유,
미생물 전쟁,
미움 받을 용기,
미움받을 용기,The Courage to Be Disliked
미움받을 용기 2,
밑줄 긋는 남자,
바깥은 여름,Summer Outside
바다는 잘 있습니다,
바람의 노래를 들어라,
바움가트너,
바텐더 a Tokyo,
박찬욱의 몽타주,
"반 고흐, 영혼의 편지",
"반고흐, 영혼의 편지",
밝은 밤,
밤의 신이 내려온다,
방구석 미술관,
배려의 대화,
버드 스트라이크,
법륜 스님의 행복,
"베로니카, 죽기로 결심하다",
보건교사 안은영,The School Nurse Files
보통의 언어,
보통의 언어들,
보통의 존재,
복안의 영상,
불 피우기,
불안의 서,
불안의 책,
불을 지키는 사람,
불편한 편의점,The Uncomfortable Convenience Store
붉은 손가락,
붕대 감기,
브람스를 좋아하세요,
블랙홀,
비교적 낙관적인 케이스,
비밀의 계절,
비밀의 화원,
비행운,
빅 브라더,
빅터 프랭클의 죽음의 수용소에서,
빛과 물질에 관한 이론,
빛의 과거,
빨간 머리 앤,
빨강머리 앤이 하는 말,
빨래하는 페미니즘,
"빵과 수프, 고양이와 함께하기 좋은 날",
빽넘버,
사랑 후에 오는 것들,
사랑에 대해 내가 아는 모든 것,
사랑을 선택하는 특별한 기준,
사랑의 8가지 법칙,
사랑의 기술,
사랑하고도 불행한,
사랑할 때와 죽을 때,
사랑해 사랑해 사랑해,
사막을 건너는 여섯 가지 방법,
사물의 뒷모습,
사서함 110호의 우편물,
사춘기,
사피엔스,Sapiens: A Brief History of Humankind
살고 싶다,
살고 싶다는 농담,
살리는 일,
살며 사랑하며 배우며,
살아온 기적 살아갈 기적,
살인자의 기억법,
삶으로 다시 떠오르기,
삼국평화고등학교 테러 사건,
새벽의 약속,
색채가 없는 다자키 쓰쿠루와 그가 순례를 떠낸 해,
생각을 바꾸는 생각들,
생각하지 않는 사람들,
생물성,
생일,
생일편지,
생쥐 기사 데스페로,
샤워젤과 소다수,
서랍에 저녁을 넣어두었다,
서울시,
설국,Snow Country
섬,
세 발로 하는 산책,
세계의 호수,
세상에서 가장 용감한 소녀,
세상에서 고양이가 사라진다면,
세상을 뒤흔든 전투의 역사,
세상을 어떻게 이해할 것인가,
센서티브,
셜록 홈즈 전집,
소금 지방 산 열,
소나기,
소년기,
소년이 온다,Human Acts
소란,
소설가 구보씨의 일생,
소설의 첫 문장,
손끝과 연연,
쇼코의 미소,
수레바퀴 아래서,
수선화에게,
수치심 권하는 사회,
수확자,
순수와 비순수,
순수의 시대,
숨결이 바람 될 때,
숨결이 바람될 때,
숲의 소실점을 향해,
스노볼,
스님의 주례사,
"스물아홉 생일, 1년 후 죽기로 결심했다",
스바루,
스테이션 일레븐,
스티브 잡스,
스프린터 언더월드,
슬픔이 없는 십오 초,
습관의 힘,
시 읽는 밤,
시간의 각인,
시나리오 어떻게 쓸 것인가,
시를 잊은 그대에게,
시선으로부터,
시크릿,
시크릿 파워편,
신경 끄기의 기술,
신곡,
신과 나눈 이야기,
신의 위대한 질문,
심장에 수놓은 이야기,
심플하게 산다,
십이야,
싯다르타,
쓰기의 말들,
아가미,
아낌없이 주는 나무,
"아니 에르노, 마크 마리",
아들 도키오,
아름다운 초저녁달,
아메리칸 프로메테우스,
아몬드,Almond
아무것도 아닌 지금은 없다,
아무도 미워하지 않는 개의 죽음,
아무도 오지 않는 곳에서,
"아무튼, 여름",
"아무튼, 하루키",
아비투스,
아빠의 수첩,
아스테리오스 폴립,
아웃 라이어,
아웃라이어,
아주 보통의 결혼,
아주 오래된 농담,
아침의 피아노,
아침저녁으로 읽기 위하여,
아티스트 웨이,
아포리즘 철학,
아픔이 길이 되려면,
아홉살 인생,
아홉수 가위,
악마의 문장,
악의,
안나 카레니나,Anna Karenina
"안녕, 나의 빨강머리 앤",
안녕이라 그랬어,
안락,
알퐁스 도테 단편선,
암송,
애도 일기,
애쓰지 않고 편안하게,
앵무새 죽이기,
약간의 거리를 둔다,
양들의 침묵,
어디선가 나를 찾는 전화벨이 울리고,
어떤 비밀,
어른의 행복은 조용하다,
어른이 되면 괜찮을 줄 알았다,
어린 왕자,The Little Prince
어린왕자,The Little Prince
어린이라는 세계,
"어서 오세요, 휴남동 서점입니다",
언어의 온도,
언제 들어도 좋은 말,
얼굴 빨개지는 아이,
엄마를 부탁해,
에듀케이션,
에드거 앨런 포 베스트 단편선,
엔니오 모리코네의 말,
엔딩 크레딧,
엘리너 올리펀트는 완전 괜찮아,
여덟 단어,
여름의 겨울,
여섯 밤의 애도,
여자 둘이 살고 있습니다,
여행의 이유,The Reason to Travel
여행자의 독서,
역사의 역사,
연금술사,The Alchemist
연애의 행방,
연어,
연의 편지,
열두 발자국,
열심히 하지 않습니다,
열정,
열정과 불안,
예루살렘의 아이히만,
오 헨리 단편선,
오늘도 집순이로 알차게 살았습니다,
오랜지 비치,
오리샤의 후예 1 : 피와 뼈의 아이들,
오만과 편견,Pride and Prejudice
오베라는 남자,A Man Called Ove
"오스카 와일드, 아홉가지 이야기",
옥상에서 만나요,
옷소매 붉은 끝동,
왜 나는 너를 사랑하는가,
왜 세계의 절반은 굶주리는가,
외계인 인터뷰,
외딴 방,
요절,
우나기 선생,
우는 나와 우는 우는,
우리가 겨울을 지나온 방식,
우리가 빛의 속도로 갈 수 없다면,
우리가 작별 인사를 할 때마다,
우리는 언젠가 만난다,
우리의 사랑은 언제 불행해질까,
우아한 거짓말,
우울한 독일 경기병,
운다고 달라지는 일은 아무것도 없겠지만,
월든,Walden
"위기의 지구, 물러설 곳 없는 인간",
위대한 개츠비,The Great Gatsby
위로의 폭언,
위버멘쉬,
위스키 테이스팅 코스,
위저드 베이커리,
위키드,
유럽 낙태 여행,
육식의 종말,
음식이 상식이다,
음악 혐오,
이 시 봐라,
이 시대의 사랑,
이기적 유전자,
이미지란 무엇인가,
이방인,The Stranger
이상한 나라의 앨리스,Alice's Adventures in Wonderland
이어령의 마지막 수업,
이제야 언니에게,
이해할 수 없는 점이 마음에 듭니다,
인간 실격,No Longer Human
인간과 동물,
인간답게 산다는 것,
인간의 위대한 질문,
인구론,
인생 녹음 중,
인생의 역사,
인연,
인터네셔널의 밤,
잃어버린 임금을 찾아서,
임신중지,
입 속의 검은 잎,
입속 지느러미,
자기만의 방,
자기앞의 생,
자면서도 다 듣는 애인아,
자신의 존재에 대해 사과하지 말 것,
자연,
자유로울 것,
자존감 수업,
작가란 무엇인가 세트,
작별하지 않는다,We Do Not Part
작업자의 사전,
작은 땅의 야수들,
작은 별이지만 빛나고 있어,
작은 위로,
잔류 인구,
잘돼가? 무엇이든,
잘못은 우리 별에 있어,
잠,
장영희,
재생력,
재와 물거품,
재즈가 나에게 말하는 것들,
저스트 키즈,
절대 돌아 올 수 없는 것들,
절창,
젊은 남자,
젊은 베르테르의 슬픔,
정의란 무엇인가,Justice: What's the Right Thing to Do?
정체성,
젖과 알,
제노사이드,
제법 안온한 날들,
제인에어,
제철행복,
조금 괴로운 당신에게 식물을 추천합니다,
종의 기원,
종이여자,
좋은지 나쁜지 누가 아는가,
죄와 벌,Crime and Punishment
주식투자가의 시선,
죽고 싶지만 떡볶이는 먹고 싶어,
죽는 게 뭐라고,
죽어 마땅한 사람들,
죽은 왕녀를 위한 파반느,
죽은 자의 집 청소,
죽음,
죽음의 밥상,
쥐돌이와 팬케이크,
지구끝의 온실,
지구에서 한아뿐,
지금 당장 롤렉스 시계를 사라,
지금 알고 있는 걸 그때도 알았더라면,
지문사냥꾼,
지속의 순간들,
지옥,
지옥이 새겨진 소녀,
지적 자본론,
지하련의 도정,
직업으로서의 소설가,
집에 있는데도 집에 가고 싶어,
차 한 잔,
참을 수 없는 존재의 가벼움,
창가의 토토,
창백한 언덕 풍경,
창조적 행위,
채링크로스 84번지,
"책, 이게 뭐라고",
책의 말들,
처벌 뒤에 남는 것들,
천 개의 찬란한 태양,
천 년을 같이 있어도 한 번의 이별은 있다,
천국에서 만난 다섯 사람,
천문학자는 별을 보지 않는다,
철학은 날씨를 바꾼다,
철학이 필요한 시간,
"첫 여름, 완주",
첫사랑,
청소년 이해를 위한 심리학,
체공녀 강주룡,
초급 한국어,
초역 부처의 말,
최선의 삶,
최소한의 선의,
추락,
출근길의 주문,
친구의 표정,
친밀한 이방인,
침묵의 봄,
카라마조프가의 형제들,The Brothers Karamazov
카르마 폴리스,
"칵테일, 러브, 좀비",
코끼리를 쏘다,
코미디의 영광,
코스모스,Cosmos
콜레라 시대의 사랑,
콰이어트,
크눌프,
크리스마스 캐럴,
타나토노트,
타이터스 앤드러니커스,
탈무드,
토막 난 우주를 안고서,
토지,
퇴근길 인문학수업,
파괴자들,
파라다이스 키스,
파리의 아파트,
파쇄,
파친코,Pachinko
파피용,
파한집,
팩트풀니스,
퍼레이드,
페미니즘의 도전,
페스트,
편의점 인간,Convenience Store Woman
평일도 인생이니까,
포옹,
폰더 씨의 위대한 하루,
표백,
프랑스 여자는 80세에도 사랑을 한다,
프랑켄슈타인,
프레임,
프루스트가 우리의 삶을 바꾸는 방법들,
프리다 칼로 & 디에고 리베라,
플라이룸,
피구왕 서영,
피로사회,
피버 피치,
피프티 피플,
하늘과 바람과 별과 시,
하늘과 바람과 별과 인간,
학술원에 보내는 보고서,
항구의 사랑,
해가 지는 곳으로,
해밀턴의 그리스로마신화,
해피 아포칼립스!,
행복해지는 일에 게으름 피우지 않기로 해요,
행운아,
향수,
허삼관 매혈기,
허클베리 핀의 모험,
헤르만 헤세의 정원 일의 즐거움,
헬렌 니어링의 소박한 밥상,
현남 오빠에게,
혐오도 복제가 되나요,
혐오표현 자유는 어떻게 해악이 되는가,
호모 사피엔스,
호미,
호밀밭의 파수꾼,The Catcher in the Rye
"호오포노포노, 평화에 이르는 가장 쉬운길",
혼모노,
화씨 451,
화차,
환상의 빛,
회색인간,
휴식의 말들,
흐르는 강물처럼,
흔들릴 줄 알아야 부러지지 않는다,
희랍어 시간,
희한한 위로,
흰,The White Book
